player,team,age,Pos,Salary,GP,W,L,OTL,GA,SA,SV,SV%,GAA,SO,QS,RBS,VOR,Rk VOR
Connor Hellebuyck,WPG,32,G,8500000.0,62,40,19,3,143,1794,1651,0.92,2.31,6,42,6,742,1
Andrei Vasilevskiy,TBL,31,G,9500000.0,60,35,21,4,151,1730,1579,0.913,2.52,4,36,10,471,2
Linus Ullmark,OTT,32,G,8250000.0,48,31,13,4,117,1426,1309,0.918,2.44,3,34,6,455,3
Jake Oettinger,DAL,27,G,8250000.0,58,36,16,6,147,1644,1497,0.91,2.54,3,35,10,407,4
Igor Shesterkin,NYR,30,G,11500000.0,59,33,21,5,156,1719,1564,0.91,2.64,4,34,12,348,5
Ilya Sorokin,NYI,30,G,8250000.0,59,29,22,8,157,1780,1623,0.912,2.67,4,37,9,333,6
Filip Gustavsson,MIN,27,G,3750000.0,49,26,17,6,127,1463,1336,0.913,2.6,4,30,8,261,7
Anthony Stolarz,TOR,32,G,2500000.0,41,24,13,3,105,1246,1141,0.916,2.55,3,26,5,248,8
Sergei Bobrovsky,FLA,37,G,10000000.0,54,31,19,3,139,1485,1346,0.906,2.57,4,33,10,232,9
Darcy Kuemper,LAK,35,G,5250000.0,52,26,19,6,134,1469,1335,0.909,2.58,4,30,8,208,10
Juuse Saros,NSH,30,G,7740000.0,61,28,26,6,170,1809,1639,0.906,2.78,3,34,11,191,11
Logan Thompson,WSH,28,G,5850000.0,45,28,12,5,120,1336,1216,0.91,2.67,2,27,6,179,12
Adin Hill,VGK,29,G,6250000.0,45,27,14,4,113,1231,1118,0.908,2.52,3,25,8,170,13
Frederik Andersen,CAR,36,G,2750000.0,42,26,14,2,104,1103,999,0.906,2.46,3,25,9,119,14
Joey Daccord,SEA,29,G,5000000.0,48,23,19,7,129,1404,1275,0.908,2.69,2,30,7,96,15
Jet Greaves,CBJ,24,G,812500.0,35,19,13,4,93,1098,1005,0.915,2.66,3,22,5,90,16
Dustin Wolf,CGY,24,G,850000.0,50,26,17,7,138,1468,1330,0.906,2.76,2,28,7,89,17
Stuart Skinner,EDM,27,G,2600000.0,50,28,16,5,136,1421,1285,0.904,2.72,2,28,10,87,18
Joseph Woll,TOR,27,G,3666667.0,41,25,15,2,114,1249,1135,0.909,2.78,1,24,6,60,19
Leevi Merilainen,OTT,23,G,1050000.0,30,18,10,3,74,824,751,0.911,2.46,4,18,7,28,20
Jordan Binnington,STL,32,G,6000000.0,55,27,23,5,159,1627,1467,0.902,2.9,3,30,11,22,21
Thatcher Demko,VAN,30,G,5000000.0,45,24,16,4,123,1292,1170,0.905,2.73,3,24,9,18,22
Jeremy Swayman,BOS,27,G,8250000.0,48,24,18,6,132,1384,1252,0.904,2.75,4,27,9,17,23
Jacob Markstrom,NJD,36,G,6000000.0,53,25,20,7,143,1418,1276,0.9,2.69,3,28,9,0,24
Mackenzie Blackwood,COL,29,G,5250000.0,48,22,21,5,138,1450,1312,0.905,2.88,3,29,9,-28,25
Pyotr Kochetkov,CAR,26,G,2000000.0,38,21,13,4,96,995,899,0.903,2.53,3,21,8,-43,26
Yaroslav Askarov,SJS,23,G,2000000.0,45,20,20,6,124,1291,1167,0.904,2.75,2,25,10,-56,27
Kevin Lankinen,VAN,30,G,4500000.0,38,20,13,5,106,1124,1018,0.906,2.8,2,22,7,-87,28
Sam Montembeault,MTL,29,G,3150000.0,49,23,20,6,147,1495,1348,0.902,3.0,2,28,10,-100,29
Cam Talbot,DET,38,G,2500000.0,38,19,16,4,107,1117,1010,0.904,2.82,2,23,8,-139,30
Joel Hofer,STL,25,G,3400000.0,30,16,10,3,81,868,787,0.907,2.71,1,18,4,-148,31
Karel Vejmelka,UTA,29,G,4750000.0,49,21,22,6,148,1492,1344,0.901,3.02,2,24,10,-149,32
Jakub Dobes,MTL,24,G,965000.0,33,16,11,5,90,943,854,0.905,2.72,2,18,6,-164,33
Charlie Lindgren,WSH,32,G,3000000.0,38,20,14,4,108,1097,990,0.902,2.83,2,20,5,-167,34
Spencer Knight,CHI,24,G,4500000.0,42,20,18,4,122,1233,1111,0.901,2.89,2,23,8,-173,35
Scott Wedgewood,COL,33,G,1500000.0,27,15,9,4,74,793,719,0.907,2.76,1,15,4,-199,36
Calvin Pickard,EDM,33,G,1000000.0,30,19,10,2,82,843,761,0.902,2.74,1,18,5,-206,37
Akira Schmid,VGK,25,G,875000.0,30,15,13,3,84,903,818,0.906,2.82,1,15,6,-211,38
Lukas Dostal,ANA,25,G,6500000.0,48,20,24,6,158,1617,1459,0.902,3.29,1,26,7,-223,39
Ilya Samsonov,FA,28,G,1.0,30,18,8,4,83,836,754,0.902,2.75,2,16,7,-224,40
Tristan Jarry,PIT,30,G,5375000.0,35,16,13,5,99,1010,911,0.902,2.84,2,19,7,-242,41
Ukko-Pekka Luukkonen,BUF,26,G,4750000.0,45,22,19,4,135,1300,1165,0.896,3.01,2,24,10,-257,42
Jesper Wallstedt,MIN,23,G,2200000.0,30,16,10,4,86,883,796,0.902,2.88,2,16,6,-289,43
Laurent Brossoit,CHI,32,G,3300000.0,20,12,5,3,56,597,541,0.907,2.8,1,13,3,-301,44
Connor Ingram,UTA,28,G,1950000.0,35,14,15,5,105,1063,958,0.901,3.0,2,18,7,-333,45
Arturs Silovs,PIT,24,G,850000.0,30,12,15,3,86,884,797,0.902,2.88,2,16,6,-338,46
Devon Levi,BUF,24,G,812500.0,28,13,13,3,81,825,744,0.902,2.88,1,15,5,-341,47
Semyon Varlamov,NYI,37,G,2750000.0,15,7,6,2,41,448,407,0.909,2.74,1,9,2,-345,48
John Gibson,DET,32,G,6400000.0,43,15,22,4,141,1399,1259,0.9,3.27,1,23,9,-362,49
Devin Cooley,CGY,29,G,775000.0,25,12,10,3,72,736,664,0.902,2.88,1,14,5,-375,50
Joonas Korpisalo,BOS,31,G,4000000.0,32,15,14,3,99,982,883,0.9,3.08,1,17,6,-389,51
Casey DeSmith,DAL,34,G,1000000.0,22,11,9,3,65,689,623,0.905,2.97,1,12,4,-390,52
Anton Forsberg,LAK,33,G,2250000.0,28,13,12,2,83,821,739,0.9,2.95,2,14,7,-400,53
Samuel Ersson,PHI,26,G,1450000.0,39,19,15,4,113,1033,920,0.89,2.91,2,19,10,-411,54
David Rittich,NYI,33,G,1000000.0,20,11,8,2,54,542,487,0.899,2.71,1,11,4,-412,55
Eric Comrie,WPG,30,G,825000.0,24,11,12,1,69,688,618,0.899,2.89,2,13,5,-449,56
Alex Nedeljkovic,SJS,30,G,2500000.0,32,15,12,5,101,991,890,0.898,3.17,1,16,7,-453,57
Alex Lyon,BUF,33,G,1500000.0,18,9,7,2,52,537,485,0.903,2.9,1,10,4,-454,58
Philipp Grubauer,SEA,34,G,5900000.0,35,15,17,3,102,946,844,0.892,2.92,1,17,9,-455,59
Joel Blomqvist,PIT,24,G,886667.0,20,8,10,2,58,589,531,0.902,2.88,1,11,4,-461,60
Alexandar Georgiev,FA,29,G,1.0,25,13,9,2,75,728,654,0.898,2.98,1,12,5,-466,61
Elvis Merzlikins,CBJ,31,G,5400000.0,44,18,20,5,146,1354,1207,0.892,3.32,1,20,10,-480,62
Jake Allen,NJD,35,G,1800000.0,30,12,16,2,94,924,830,0.898,3.14,2,15,7,-494,63
Justus Annunen,NSH,25,G,837500.0,22,12,10,1,66,643,577,0.897,3.01,1,11,3,-527,64
Daniel Vladar,PHI,28,G,3350000.0,25,12,9,4,76,722,646,0.895,3.03,1,13,5,-546,65
Petr Mrazek,ANA,33,G,4250000.0,25,8,14,2,78,768,690,0.899,3.11,1,13,4,-555,66
Jonathan Quick,NYR,40,G,1550000.0,25,13,9,3,80,762,683,0.896,3.19,2,11,5,-573,67
Daniil Tarasov,FLA,26,G,1050000.0,28,11,14,3,91,871,780,0.896,3.23,1,13,7,-587,68
Vitek Vanecek,UTA,30,G,1500000.0,10,5,4,1,30,290,261,0.899,2.96,0,5,2,-649,69
Jonas Johansson,TBL,30,G,1250000.0,20,10,7,3,63,606,542,0.895,3.16,1,9,4,-652,70
Ivan Fedotov,PHI,29,G,3275000.0,20,7,10,3,60,536,476,0.889,2.98,0,8,7,-724,71
Ville Husso,ANA,30,G,2200000.0,10,4,4,1,31,294,263,0.895,3.06,0,5,3,-762,72
James Reimer,FA,37,G,1.0,15,6,7,2,50,484,434,0.897,3.34,1,8,3,-773,73
Arvid Soderblom,CHI,26,G,2750000.0,20,6,12,3,69,646,577,0.893,3.43,0,9,4,-830,74
Cayden Primeau,CAR,26,G,775000.0,10,4,4,1,35,323,288,0.892,3.5,1,5,2,-978,75
Aleksei Kolosov,PHI,24,G,925000.0,10,5,5,1,34,294,260,0.885,3.37,0,4,3,-1026,76
